mutations,seq_hash,Ki_Pyr,Ki_Cyc,kcat,Km_H2F,Km_NADPH,kcatKm_H2F,F_Ki_Pyr,F_Ki_Cyc,F_eff,s_raw_Pyr,s_raw_Cyc,s_norm_Pyr,s_norm_Cyc,source,notes
WT,wt,1.5,2.6,88.0,13.0,5.0,6769230.769230769,1.0,1.0,1.0,-4.999997499590334e-07,-4.999997499590334e-07,0.1705965552522785,0.06665628921482258,Sirawaraporn1997,Wild-type pfDHFR (Sirawaraporn 1997)
A7V,a7v,6.0,565.0,1.6,168.0,57.0,9523.809523809523,4.0,217.3076923076923,0.0014069264069264068,4.669113006330013,8.664132931329128,0.6942985134027819,1.0,Sirawaraporn1997,Cyc-specific resistance; poor catalytic efficiency
N42I,n42i,0.4,4.7,2.6,3.2,4.0,812500.0,0.26666666666666666,1.8076923076923077,0.12002840909090909,-0.2617465947479829,1.6520603089229131,0.1412383179397638,0.24462452782332497,Sirawaraporn1997,Single mutant
C50R,c50r,1.1,4.7,122.0,1.6,4.4,76250000.0,0.7333333333333334,1.8076923076923077,11.264204545454545,-1.5209699519276614,-0.6187639599352455,0.0,0.0,Sirawaraporn1997,Single mutant; high kcat/Km(H2F)
S99N,s99n,13.0,15.0,92.0,25.0,7.0,3680000.0,8.666666666666666,5.769230769230769,0.5436363636363637,2.4642206820396915,2.057275188761093,0.44699109066044357,0.2882762978025333,Sirawaraporn1997,Single mutant (natural)
S99T,s99t,1.4,1.6,36.0,14.0,17.0,2571428.5714285714,0.9333333333333332,0.6153846153846154,0.37987012987012986,0.41496873636337395,-0.0015462079313752763,0.21714076570271482,0.06648977783914632,Sirawaraporn1997,Single mutant
I155L,i155l,0.83,9.0,33.0,14.0,15.0,2357142.8571428573,0.5533333333333333,3.4615384615384612,0.34821428571428575,-0.06432750961230782,1.7691803089961329,0.1633814423940469,0.25724127897817567,Sirawaraporn1997,Single mutant
A7V+S99T,a7v_s99t,3.6,2129.0,19.0,29.0,24.0,655172.4137931034,2.4,818.8461538461538,0.09678683385579938,2.043085725307036,7.8755132078191785,0.3997553142785827,0.9150459460287579,Sirawaraporn1997,Double mutant (Cyc branch)
A7V+S99N,a7v_s99n,,,,,,,,,,,,,,Sirawaraporn1997,Inactive; no DHFR activity detected
N42I+S99N,n42i_s99n,37.0,24.0,77.0,6.0,1.9,12833333.333333334,24.666666666666668,9.23076923076923,1.8958333333333335,2.8856232929953864,1.9027128737798353,0.4942568879532383,0.27162607354692314,Sirawaraporn1997,Double mutant (natural)
C50R+S99N,c50r_s99n,72.0,82.0,4.2,24.0,15.0,175000.0,48.0,31.538461538461537,0.025852272727272727,5.6988600516602474,5.278866842989174,0.8097980709329328,0.6353222352899727,Sirawaraporn1997,Double mutant (natural)
N42I+C50R+S99N,n42i_c50r_s99n,120.0,103.0,3.2,6.2,10.0,516129.0322580645,80.0,39.61538461538461,0.07624633431085044,5.668913046655594,4.966103955183912,0.806439123856487,0.6016298554791415,Sirawaraporn1997,Triple mutant (natural)
C50R+S99N+I155L,c50r_s99n_i155l,383.0,1141.0,3.0,18.0,36.0,166666.66666666666,255.33333333333334,438.8461538461538,0.02462121212121212,7.394623036914927,7.9362020606770844,1.0,0.9215836522608519,Sirawaraporn1997,Triple mutant (natural)
N42I+C50R+S99N+I155L,n42i_c50r_s99n_i155l,859.0,730.0,15.0,14.0,25.0,1071428.5714285714,572.6666666666666,280.7692307692308,0.15827922077922077,7.27199794767657,6.55922722291548,0.9862459973899868,0.7732490478921015,Sirawaraporn1997,Quadruple mutant (natural)
