Position,Residue,Occupancy,Residue Name,Polarity,Charge
1,D,0.5116279069767442,Aspartic acid,Polar,Negative
2,I,0.5348837209302325,Isoleucine,Non-polar,Neutral
3,Y,0.5348837209302325,Tyrosine,Polar,Neutral
4,A,0.5581395348837209,Alanine,Non-polar,Neutral
5,I,0.6511627906976745,Isoleucine,Non-polar,Neutral
6,C,0.7674418604651163,Cysteine,Non-polar,Neutral
7,V,0.7906976744186046,Valine,Non-polar,Neutral
8,C,0.7906976744186046,Cysteine,Non-polar,Neutral
9,C,0.8604651162790697,Cysteine,Non-polar,Neutral
10,K,0.8604651162790697,Lysine,Polar,Positive
11,V,0.8604651162790697,Valine,Non-polar,Neutral
12,E,0.8604651162790697,Glutamic acid,Polar,Negative
13,S,0.8837209302325582,Serine,Polar,Neutral
14,K,0.9302325581395349,Lysine,Polar,Positive
15,N,0.9302325581395349,Asparagine,Polar,Neutral
16,E,0.9302325581395349,Glutamic acid,Polar,Negative
17,G,0.9302325581395349,Glycine,Non-polar,Neutral
18,K,0.9302325581395349,Lysine,Polar,Positive
19,K,0.9302325581395349,Lysine,Polar,Positive
20,N,0.9302325581395349,Asparagine,Polar,Neutral
21,E,1.0,Glutamic acid,Polar,Negative
22,V,1.0,Valine,Non-polar,Neutral
23,F,1.0,Phenylalanine,Non-polar,Neutral
24,N,1.0,Asparagine,Polar,Neutral
25,N,1.0,Asparagine,Polar,Neutral
26,Y,1.0,Tyrosine,Polar,Neutral
27,T,1.0,Threonine,Polar,Neutral
28,F,1.0,Phenylalanine,Non-polar,Neutral
29,R,1.0,Arginine,Polar,Positive
30,G,1.0,Glycine,Non-polar,Neutral
31,L,1.0,Leucine,Non-polar,Neutral
32,G,1.0,Glycine,Non-polar,Neutral
33,N,1.0,Asparagine,Polar,Neutral
34,K,1.0,Lysine,Polar,Positive
35,G,1.0,Glycine,Non-polar,Neutral
36,V,1.0,Valine,Non-polar,Neutral
37,L,1.0,Leucine,Non-polar,Neutral
38,P,1.0,Proline,Non-polar,Neutral
39,W,1.0,Tryptophan,Non-polar,Neutral
40,K,1.0,Lysine,Polar,Positive
41,R,1.0,Arginine,Polar,Positive
42,I,1.0,Isoleucine,Non-polar,Neutral
43,S,1.0,Serine,Polar,Neutral
44,L,1.0,Leucine,Non-polar,Neutral
45,D,1.0,Aspartic acid,Polar,Negative
46,M,1.0,Methionine,Non-polar,Neutral
47,K,1.0,Lysine,Polar,Positive
48,Y,1.0,Tyrosine,Polar,Neutral
49,F,1.0,Phenylalanine,Non-polar,Neutral
50,R,1.0,Arginine,Polar,Positive
51,A,1.0,Alanine,Non-polar,Neutral
52,V,1.0,Valine,Non-polar,Neutral
53,T,1.0,Threonine,Polar,Neutral
54,T,1.0,Threonine,Polar,Neutral
55,Y,1.0,Tyrosine,Polar,Neutral
56,V,1.0,Valine,Non-polar,Neutral
57,N,1.0,Asparagine,Polar,Neutral
58,E,1.0,Glutamic acid,Polar,Negative
59,S,1.0,Serine,Polar,Neutral
60,K,1.0,Lysine,Polar,Positive
61,Y,1.0,Tyrosine,Polar,Neutral
62,E,1.0,Glutamic acid,Polar,Negative
63,K,1.0,Lysine,Polar,Positive
64,L,1.0,Leucine,Non-polar,Neutral
65,K,1.0,Lysine,Polar,Positive
66,Y,1.0,Tyrosine,Polar,Neutral
67,K,1.0,Lysine,Polar,Positive
68,R,1.0,Arginine,Polar,Positive
69,C,1.0,Cysteine,Non-polar,Neutral
70,K,1.0,Lysine,Polar,Positive
71,Y,1.0,Tyrosine,Polar,Neutral
72,L,1.0,Leucine,Non-polar,Neutral
73,N,1.0,Asparagine,Polar,Neutral
74,K,1.0,Lysine,Polar,Positive
75,E,1.0,Glutamic acid,Polar,Negative
76,T,1.0,Threonine,Polar,Neutral
77,V,1.0,Valine,Non-polar,Neutral
78,D,1.0,Aspartic acid,Polar,Negative
79,N,1.0,Asparagine,Polar,Neutral
80,V,1.0,Valine,Non-polar,Neutral
81,N,1.0,Asparagine,Polar,Neutral
82,D,1.0,Aspartic acid,Polar,Negative
83,M,1.0,Methionine,Non-polar,Neutral
84,P,1.0,Proline,Non-polar,Neutral
85,N,1.0,Asparagine,Polar,Neutral
86,S,1.0,Serine,Polar,Neutral
87,K,1.0,Lysine,Polar,Positive
88,K,1.0,Lysine,Polar,Positive
89,L,1.0,Leucine,Non-polar,Neutral
90,Q,1.0,Glutamine,Polar,Neutral
91,N,1.0,Asparagine,Polar,Neutral
92,V,1.0,Valine,Non-polar,Neutral
93,V,1.0,Valine,Non-polar,Neutral
94,V,1.0,Valine,Non-polar,Neutral
95,M,1.0,Methionine,Non-polar,Neutral
96,G,1.0,Glycine,Non-polar,Neutral
97,R,1.0,Arginine,Polar,Positive
98,T,1.0,Threonine,Polar,Neutral
99,N,1.0,Asparagine,Polar,Neutral
100,W,1.0,Tryptophan,Non-polar,Neutral
101,E,1.0,Glutamic acid,Polar,Negative
102,S,1.0,Serine,Polar,Neutral
103,I,1.0,Isoleucine,Non-polar,Neutral
104,P,1.0,Proline,Non-polar,Neutral
105,K,1.0,Lysine,Polar,Positive
106,K,1.0,Lysine,Polar,Positive
107,F,1.0,Phenylalanine,Non-polar,Neutral
108,K,1.0,Lysine,Polar,Positive
109,P,1.0,Proline,Non-polar,Neutral
110,L,1.0,Leucine,Non-polar,Neutral
111,S,1.0,Serine,Polar,Neutral
112,N,1.0,Asparagine,Polar,Neutral
113,R,1.0,Arginine,Polar,Positive
114,I,1.0,Isoleucine,Non-polar,Neutral
115,N,1.0,Asparagine,Polar,Neutral
116,V,1.0,Valine,Non-polar,Neutral
117,I,1.0,Isoleucine,Non-polar,Neutral
118,L,1.0,Leucine,Non-polar,Neutral
119,S,1.0,Serine,Polar,Neutral
120,R,1.0,Arginine,Polar,Positive
121,T,1.0,Threonine,Polar,Neutral
122,L,1.0,Leucine,Non-polar,Neutral
123,K,1.0,Lysine,Polar,Positive
124,K,1.0,Lysine,Polar,Positive
125,E,1.0,Glutamic acid,Polar,Negative
126,D,1.0,Aspartic acid,Polar,Negative
127,F,1.0,Phenylalanine,Non-polar,Neutral
128,D,1.0,Aspartic acid,Polar,Negative
129,E,1.0,Glutamic acid,Polar,Negative
130,D,1.0,Aspartic acid,Polar,Negative
131,V,1.0,Valine,Non-polar,Neutral
132,Y,1.0,Tyrosine,Polar,Neutral
133,I,1.0,Isoleucine,Non-polar,Neutral
134,I,1.0,Isoleucine,Non-polar,Neutral
135,N,1.0,Asparagine,Polar,Neutral
136,K,1.0,Lysine,Polar,Positive
137,V,1.0,Valine,Non-polar,Neutral
138,E,1.0,Glutamic acid,Polar,Negative
139,D,1.0,Aspartic acid,Polar,Negative
140,L,1.0,Leucine,Non-polar,Neutral
141,I,1.0,Isoleucine,Non-polar,Neutral
142,V,1.0,Valine,Non-polar,Neutral
143,L,1.0,Leucine,Non-polar,Neutral
144,L,1.0,Leucine,Non-polar,Neutral
145,G,1.0,Glycine,Non-polar,Neutral
146,K,1.0,Lysine,Polar,Positive
147,L,1.0,Leucine,Non-polar,Neutral
148,N,1.0,Asparagine,Polar,Neutral
149,Y,1.0,Tyrosine,Polar,Neutral
150,Y,1.0,Tyrosine,Polar,Neutral
151,K,1.0,Lysine,Polar,Positive
152,C,1.0,Cysteine,Non-polar,Neutral
153,F,1.0,Phenylalanine,Non-polar,Neutral
154,I,1.0,Isoleucine,Non-polar,Neutral
155,L,1.0,Leucine,Non-polar,Neutral
156,G,1.0,Glycine,Non-polar,Neutral
157,G,1.0,Glycine,Non-polar,Neutral
158,S,1.0,Serine,Polar,Neutral
159,V,1.0,Valine,Non-polar,Neutral
160,V,1.0,Valine,Non-polar,Neutral
161,Y,1.0,Tyrosine,Polar,Neutral
162,Q,1.0,Glutamine,Polar,Neutral
163,E,1.0,Glutamic acid,Polar,Negative
164,F,1.0,Phenylalanine,Non-polar,Neutral
165,L,1.0,Leucine,Non-polar,Neutral
166,E,1.0,Glutamic acid,Polar,Negative
167,K,1.0,Lysine,Polar,Positive
168,K,1.0,Lysine,Polar,Positive
169,L,1.0,Leucine,Non-polar,Neutral
170,I,1.0,Isoleucine,Non-polar,Neutral
171,K,1.0,Lysine,Polar,Positive
172,K,1.0,Lysine,Polar,Positive
173,I,1.0,Isoleucine,Non-polar,Neutral
174,Y,1.0,Tyrosine,Polar,Neutral
175,F,1.0,Phenylalanine,Non-polar,Neutral
176,T,1.0,Threonine,Polar,Neutral
177,R,0.9767441860465116,Arginine,Polar,Positive
178,I,0.9767441860465116,Isoleucine,Non-polar,Neutral
179,N,0.9767441860465116,Asparagine,Polar,Neutral
180,S,0.9767441860465116,Serine,Polar,Neutral
181,T,0.9069767441860465,Threonine,Polar,Neutral
182,Y,0.9069767441860465,Tyrosine,Polar,Neutral
183,E,0.9069767441860465,Glutamic acid,Polar,Negative
184,C,0.8604651162790697,Cysteine,Non-polar,Neutral
185,D,0.8604651162790697,Aspartic acid,Polar,Negative
186,V,0.813953488372093,Valine,Non-polar,Neutral
187,F,0.7906976744186046,Phenylalanine,Non-polar,Neutral
188,F,0.7674418604651163,Phenylalanine,Non-polar,Neutral
189,P,0.7441860465116279,Proline,Non-polar,Neutral
190,E,0.627906976744186,Glutamic acid,Polar,Negative
191,I,0.5581395348837209,Isoleucine,Non-polar,Neutral
192,N,0.5348837209302325,Asparagine,Polar,Neutral
193,E,0.5116279069767442,Glutamic acid,Polar,Negative
194,N,0.4883720930232558,Asparagine,Polar,Neutral
195,E,0.46511627906976744,Glutamic acid,Polar,Negative
196,Y,0.4418604651162791,Tyrosine,Polar,Neutral
197,Q,0.37209302325581395,Glutamine,Polar,Neutral
198,I,0.37209302325581395,Isoleucine,Non-polar,Neutral
199,I,0.3488372093023256,Isoleucine,Non-polar,Neutral
200,S,0.3488372093023256,Serine,Polar,Neutral
201,V,0.3488372093023256,Valine,Non-polar,Neutral
202,S,0.3488372093023256,Serine,Polar,Neutral
203,D,0.3023255813953488,Aspartic acid,Polar,Negative
204,V,0.27906976744186046,Valine,Non-polar,Neutral
205,Y,0.27906976744186046,Tyrosine,Polar,Neutral
206,T,0.27906976744186046,Threonine,Polar,Neutral
207,S,0.2558139534883721,Serine,Polar,Neutral
208,N,0.2558139534883721,Asparagine,Polar,Neutral
209,N,0.2558139534883721,Asparagine,Polar,Neutral
210,T,0.2558139534883721,Threonine,Polar,Neutral
211,T,0.2558139534883721,Threonine,Polar,Neutral
212,L,0.23255813953488372,Leucine,Non-polar,Neutral
213,D,0.23255813953488372,Aspartic acid,Polar,Negative
214,F,0.20930232558139536,Phenylalanine,Non-polar,Neutral
215,I,0.20930232558139536,Isoleucine,Non-polar,Neutral
216,I,0.20930232558139536,Isoleucine,Non-polar,Neutral
217,Y,0.18604651162790697,Tyrosine,Polar,Neutral
218,K,0.16279069767441862,Lysine,Polar,Positive
219,K,0.16279069767441862,Lysine,Polar,Positive
