Rank,Residue 1,Residue 2,Mutual Information,Category,Ridge_position
1,G17,N20,1.0,Other,-
2,D203,T211,1.0,Other,-
3,G35,I173,0.9660797908412175,Other,-
4,T211,K218,0.8690557620762804,Other,-
5,D203,K218,0.868531641330017,Other,-
6,C6,C9,0.867851751519594,Active site,-
7,K151,P189,0.8550349227783901,Other,-
8,K18,V93,0.8399624700242957,Other,-
9,K151,K171,0.8265928018723294,Other,-
10,N20,I173,0.8066622124113251,Other,-
11,N20,G35,0.806662212411325,Other,-
12,A7,C41,0.8026769226262075,Active-site resistance,-
13,K87,N112,0.7966362672746814,Other,-
14,K87,R113,0.7966362672746814,Other,-
15,V94,N112,0.7966362672746814,Other,-
16,V94,R113,0.7966362672746814,Other,-
17,K87,V94,0.7966362672746813,Other,-
18,V94,R177,0.7721437972866642,Other,-
19,N112,R177,0.7721437972866642,Other,-
20,R113,R177,0.7721437972866642,Other,-
21,K87,R177,0.772143797286664,Other,-
22,K123,K151,0.7675216179438484,Other,-
23,K87,K123,0.7322151497580575,Other,-
24,V94,K123,0.7322151497580569,Other,-
25,N112,K123,0.7322151497580569,Other,-
26,R113,K123,0.7322151497580569,Other,-
27,N20,D126,0.7005045302024095,Other,-
28,G17,D126,0.6747404965635181,Other,-
29,K19,D126,0.6747404965635181,Other,-
30,C6,N42,0.6317091605940806,Resistance,-
31,C9,K171,0.6236347322991549,Other,-
32,K171,P189,0.5954268306824332,Other,-
33,C50,S99,0.584306977297469,Active-site resistance,-
34,D126,D130,0.5508450866348668,Other,-
35,K87,E190,0.5212951715687812,Other,-
36,N112,E190,0.5212951715687812,Other,-
37,R113,E190,0.5212951715687812,Other,-
38,V94,E190,0.5212951715687811,Other,-
39,G17,T211,0.49041392159027286,Other,-
40,K19,T211,0.49041392159027286,Other,-
41,A7,N42,0.48840686419104234,Active-site resistance,-
42,R177,E190,0.4563239573360026,Other,-
43,C6,I155,0.45507464510453444,Active-site resistance,-
44,K123,P189,0.41523062698605445,Other,-
45,E190,D203,0.41293558231094063,Other,-
46,A7,I155,0.39074533425065844,Active-site resistance,-
47,P189,D203,0.3737631060467801,Other,-
48,C41,K218,0.3611532263733163,Resistance,-
49,G17,D203,0.28783924279538575,Other,-
50,K19,D203,0.28783924279538575,Other,-
