generation,mut_position,count
0,7,0
0,41,0
0,42,0
0,50,0
0,99,0
0,155,0
100,7,0
100,41,0
100,42,3
100,50,0
100,99,0
100,155,0
200,7,0
200,41,9
200,42,3
200,50,0
200,99,0
200,155,0
300,7,0
300,41,0
300,42,1
300,50,0
300,99,0
300,155,0
400,7,0
400,41,1
400,42,0
400,50,0
400,99,0
400,155,0
500,7,0
500,41,0
500,42,16
500,50,45
500,99,0
500,155,0
600,7,1
600,41,0
600,42,0
600,50,0
600,99,4
600,155,0
700,7,1
700,41,0
700,42,0
700,50,0
700,99,0
700,155,0
800,7,0
800,41,0
800,42,6
800,50,0
800,99,0
800,155,2
900,7,7
900,41,0
900,42,4
900,50,0
900,99,0
900,155,0
1000,7,6
1000,41,27
1000,42,0
1000,50,0
1000,99,0
1000,155,0
1100,7,0
1100,41,0
1100,42,24
1100,50,0
1100,99,0
1100,155,0
1200,7,0
1200,41,33
1200,42,249
1200,50,16
1200,99,104
1200,155,0
1300,7,4
1300,41,77
1300,42,577
1300,50,0
1300,99,190
1300,155,0
1400,7,0
1400,41,119
1400,42,932
1400,50,0
1400,99,254
1400,155,0
1500,7,0
1500,41,71
1500,42,942
1500,50,12
1500,99,222
1500,155,0
1600,7,0
1600,41,224
1600,42,787
1600,50,64
1600,99,71
1600,155,27
1700,7,0
1700,41,144
1700,42,678
1700,50,0
1700,99,0
1700,155,0
1800,7,0
1800,41,101
1800,42,576
1800,50,0
1800,99,0
1800,155,0
1900,7,0
1900,41,49
1900,42,444
1900,50,0
1900,99,0
1900,155,0
2000,7,6
2000,41,0
2000,42,240
2000,50,0
2000,99,0
2000,155,0
2100,7,0
2100,41,21
2100,42,494
2100,50,0
2100,99,0
2100,155,0
2200,7,0
2200,41,140
2200,42,480
2200,50,21
2200,99,3
2200,155,5
2300,7,3
2300,41,88
2300,42,417
2300,50,0
2300,99,0
2300,155,0
2400,7,0
2400,41,1
2400,42,723
2400,50,0
2400,99,0
2400,155,0
2500,7,0
2500,41,49
2500,42,489
2500,50,0
2500,99,0
2500,155,0
2600,7,0
2600,41,16
2600,42,621
2600,50,0
2600,99,0
2600,155,0
2700,7,0
2700,41,41
2700,42,1372
2700,50,6
2700,99,0
2700,155,0
2800,7,0
2800,41,135
2800,42,1573
2800,50,0
2800,99,1
2800,155,1
2900,7,0
2900,41,104
2900,42,1252
2900,50,1
2900,99,0
2900,155,2
3000,7,77
3000,41,141
3000,42,1237
3000,50,1
3000,99,2
3000,155,0
3100,7,249
3100,41,10
3100,42,1458
3100,50,0
3100,99,0
3100,155,0
3200,7,83
3200,41,0
3200,42,2124
3200,50,0
3200,99,8
3200,155,0
3300,7,35
3300,41,0
3300,42,1926
3300,50,15
3300,99,6
3300,155,9
3400,7,122
3400,41,0
3400,42,2027
3400,50,1
3400,99,0
3400,155,6
3500,7,226
3500,41,14
3500,42,1485
3500,50,0
3500,99,0
3500,155,0
3600,7,425
3600,41,34
3600,42,1839
3600,50,3
3600,99,3
3600,155,0
3700,7,618
3700,41,41
3700,42,1657
3700,50,0
3700,99,0
3700,155,0
3800,7,456
3800,41,43
3800,42,1745
3800,50,0
3800,99,0
3800,155,4
3900,7,483
3900,41,0
3900,42,1427
3900,50,0
3900,99,3
3900,155,0
4000,7,507
4000,41,13
4000,42,1558
4000,50,0
4000,99,13
4000,155,0
4100,7,663
4100,41,0
4100,42,1602
4100,50,0
4100,99,18
4100,155,0
4200,7,471
4200,41,0
4200,42,1699
4200,50,1
4200,99,109
4200,155,0
4300,7,329
4300,41,11
4300,42,1871
4300,50,0
4300,99,184
4300,155,3
4400,7,394
4400,41,4
4400,42,2318
4400,50,67
4400,99,131
4400,155,3
4500,7,450
4500,41,33
4500,42,2195
4500,50,36
4500,99,36
4500,155,33
4600,7,532
4600,41,23
4600,42,2375
4600,50,0
4600,99,37
4600,155,32
4700,7,196
4700,41,29
4700,42,2624
4700,50,0
4700,99,0
4700,155,0
4800,7,26
4800,41,0
4800,42,2662
4800,50,0
4800,99,0
4800,155,0
4900,7,10
4900,41,0
4900,42,1960
4900,50,0
4900,99,0
4900,155,0
5000,7,20
5000,41,4
5000,42,2121
5000,50,1
5000,99,0
5000,155,0
5100,7,1
5100,41,0
5100,42,1944
5100,50,1
5100,99,0
5100,155,21
5200,7,3
5200,41,0
5200,42,1580
5200,50,12
5200,99,9
5200,155,32
5300,7,0
5300,41,0
5300,42,1994
5300,50,0
5300,99,0
5300,155,3
5400,7,46
5400,41,21
5400,42,1910
5400,50,8
5400,99,0
5400,155,1
5500,7,30
5500,41,18
5500,42,1700
5500,50,0
5500,99,9
5500,155,14
5600,7,194
5600,41,0
5600,42,1520
5600,50,18
5600,99,0
5600,155,0
5700,7,59
5700,41,4
5700,42,2139
5700,50,158
5700,99,0
5700,155,1
5800,7,1
5800,41,23
5800,42,1790
5800,50,86
5800,99,34
5800,155,14
5900,7,29
5900,41,105
5900,42,2223
5900,50,0
5900,99,0
5900,155,0
6000,7,128
6000,41,104
6000,42,2037
6000,50,0
6000,99,0
6000,155,0
6100,7,169
6100,41,235
6100,42,2007
6100,50,0
6100,99,2
6100,155,2
6200,7,69
6200,41,395
6200,42,1812
6200,50,102
6200,99,3
6200,155,0
6300,7,190
6300,41,145
6300,42,1947
6300,50,0
6300,99,0
6300,155,30
6400,7,259
6400,41,0
6400,42,2797
6400,50,0
6400,99,42
6400,155,60
6500,7,104
6500,41,8
6500,42,2483
6500,50,0
6500,99,44
6500,155,65
6600,7,58
6600,41,13
6600,42,2448
6600,50,0
6600,99,78
6600,155,161
6700,7,104
6700,41,2
6700,42,2791
6700,50,0
6700,99,165
6700,155,31
6800,7,29
6800,41,0
6800,42,3449
6800,50,0
6800,99,66
6800,155,0
6900,7,0
6900,41,0
6900,42,3909
6900,50,0
6900,99,1
6900,155,14
7000,7,0
7000,41,12
7000,42,4209
7000,50,0
7000,99,0
7000,155,0
7100,7,0
7100,41,0
7100,42,4485
7100,50,0
7100,99,79
7100,155,0
7200,7,1
7200,41,1
7200,42,4741
7200,50,7
7200,99,48
7200,155,0
7300,7,0
7300,41,0
7300,42,4991
7300,50,46
7300,99,0
7300,155,2
7400,7,11
7400,41,12
7400,42,4887
7400,50,0
7400,99,0
7400,155,0
7500,7,0
7500,41,0
7500,42,5620
7500,50,0
7500,99,20
7500,155,0
7600,7,0
7600,41,0
7600,42,5403
7600,50,1
7600,99,0
7600,155,0
7700,7,0
7700,41,11
7700,42,5288
7700,50,2
7700,99,0
7700,155,0
7800,7,0
7800,41,54
7800,42,6010
7800,50,11
7800,99,0
7800,155,14
7900,7,3
7900,41,106
7900,42,6971
7900,50,15
7900,99,0
7900,155,0
8000,7,2
8000,41,170
8000,42,6537
8000,50,15
8000,99,66
8000,155,0
8100,7,12
8100,41,232
8100,42,7180
8100,50,0
8100,99,71
8100,155,18
8200,7,30
8200,41,377
8200,42,6613
8200,50,0
8200,99,0
8200,155,18
8300,7,10
8300,41,524
8300,42,6624
8300,50,8
8300,99,0
8300,155,0
8400,7,0
8400,41,660
8400,42,6484
8400,50,13
8400,99,0
8400,155,0
8500,7,0
8500,41,751
8500,42,7233
8500,50,1
8500,99,1
8500,155,0
8600,7,2
8600,41,1037
8600,42,7381
8600,50,25
8600,99,0
8600,155,0
8700,7,0
8700,41,1047
8700,42,6820
8700,50,22
8700,99,0
8700,155,2
8800,7,3
8800,41,1182
8800,42,7251
8800,50,11
8800,99,0
8800,155,0
8900,7,0
8900,41,1398
8900,42,6667
8900,50,160
8900,99,38
8900,155,0
9000,7,0
9000,41,2340
9000,42,7014
9000,50,54
9000,99,0
9000,155,0
9100,7,0
9100,41,3017
9100,42,7126
9100,50,150
9100,99,0
9100,155,0
9200,7,0
9200,41,3626
9200,42,7258
9200,50,240
9200,99,0
9200,155,0
9300,7,1
9300,41,3988
9300,42,7027
9300,50,228
9300,99,0
9300,155,1
9400,7,0
9400,41,3731
9400,42,6865
9400,50,80
9400,99,0
9400,155,0
9500,7,0
9500,41,4025
9500,42,6962
9500,50,0
9500,99,0
9500,155,0
9600,7,2
9600,41,5156
9600,42,7149
9600,50,0
9600,99,0
9600,155,4
9700,7,0
9700,41,3582
9700,42,6882
9700,50,0
9700,99,7
9700,155,12
9800,7,0
9800,41,4595
9800,42,7283
9800,50,0
9800,99,0
9800,155,0
9900,7,0
9900,41,4266
9900,42,6450
9900,50,2
9900,99,0
9900,155,1
10000,7,0
10000,41,4971
10000,42,6295
10000,50,16
10000,99,0
10000,155,0
10100,7,0
10100,41,4704
10100,42,6203
10100,50,0
10100,99,3
10100,155,0
10200,7,0
10200,41,5775
10200,42,6860
10200,50,1
10200,99,23
10200,155,1
10300,7,1
10300,41,6047
10300,42,7298
10300,50,12
10300,99,24
10300,155,52
10400,7,8
10400,41,4864
10400,42,6640
10400,50,57
10400,99,7
10400,155,312
10500,7,0
10500,41,4128
10500,42,6518
10500,50,185
10500,99,0
10500,155,113
10600,7,0
10600,41,3405
10600,42,6174
10600,50,11
10600,99,0
10600,155,122
10700,7,5
10700,41,3653
10700,42,6389
10700,50,1
10700,99,1
10700,155,0
10800,7,75
10800,41,2804
10800,42,5742
10800,50,0
10800,99,8
10800,155,0
10900,7,112
10900,41,3061
10900,42,5956
10900,50,0
10900,99,0
10900,155,0
11000,7,0
11000,41,3993
11000,42,6466
11000,50,1
11000,99,0
11000,155,0
11100,7,0
11100,41,3338
11100,42,6400
11100,50,31
11100,99,0
11100,155,37
11200,7,13
11200,41,2553
11200,42,6435
11200,50,28
11200,99,0
11200,155,1
11300,7,0
11300,41,2923
11300,42,6357
11300,50,0
11300,99,0
11300,155,20
11400,7,1
11400,41,2071
11400,42,5658
11400,50,0
11400,99,0
11400,155,0
11500,7,0
11500,41,1248
11500,42,5046
11500,50,0
11500,99,0
11500,155,0
11600,7,0
11600,41,1140
11600,42,5484
11600,50,0
11600,99,0
11600,155,0
11700,7,1
11700,41,1244
11700,42,6005
11700,50,0
11700,99,0
11700,155,0
11800,7,1
11800,41,1490
11800,42,5657
11800,50,0
11800,99,0
11800,155,0
11900,7,0
11900,41,993
11900,42,6004
11900,50,2
11900,99,0
11900,155,0
12000,7,14
12000,41,814
12000,42,5589
12000,50,58
12000,99,0
12000,155,0
12100,7,0
12100,41,879
12100,42,4963
12100,50,0
12100,99,0
12100,155,0
12200,7,6
12200,41,584
12200,42,4801
12200,50,1
12200,99,0
12200,155,0
12300,7,1
12300,41,322
12300,42,5158
12300,50,0
12300,99,0
12300,155,0
12400,7,18
12400,41,147
12400,42,4989
12400,50,6
12400,99,0
12400,155,0
12500,7,57
12500,41,5
12500,42,5597
12500,50,2
12500,99,2
12500,155,0
12600,7,0
12600,41,0
12600,42,6336
12600,50,6
12600,99,0
12600,155,0
12700,7,52
12700,41,0
12700,42,7089
12700,50,5
12700,99,0
12700,155,0
12800,7,60
12800,41,3
12800,42,7008
12800,50,0
12800,99,12
12800,155,0
12900,7,22
12900,41,0
12900,42,7150
12900,50,0
12900,99,29
12900,155,0
13000,7,0
13000,41,9
13000,42,7529
13000,50,40
13000,99,0
13000,155,41
13100,7,77
13100,41,0
13100,42,7145
13100,50,167
13100,99,0
13100,155,197
13200,7,47
13200,41,1
13200,42,8094
13200,50,65
13200,99,37
13200,155,400
13300,7,49
13300,41,58
13300,42,8185
13300,50,103
13300,99,16
13300,155,340
13400,7,49
13400,41,7
13400,42,8611
13400,50,86
13400,99,0
13400,155,118
13500,7,32
13500,41,0
13500,42,8794
13500,50,67
13500,99,0
13500,155,525
13600,7,64
13600,41,0
13600,42,9313
13600,50,22
13600,99,0
13600,155,491
13700,7,35
13700,41,3
13700,42,8636
13700,50,34
13700,99,4
13700,155,325
13800,7,19
13800,41,0
13800,42,8667
13800,50,3
13800,99,0
13800,155,139
13900,7,0
13900,41,18
13900,42,9218
13900,50,31
13900,99,8
13900,155,183
14000,7,0
14000,41,8
14000,42,9334
14000,50,26
14000,99,0
14000,155,339
14100,7,0
14100,41,18
14100,42,8852
14100,50,33
14100,99,0
14100,155,594
14200,7,0
14200,41,62
14200,42,8712
14200,50,0
14200,99,0
14200,155,974
14300,7,64
14300,41,56
14300,42,8655
14300,50,1
14300,99,0
14300,155,702
14400,7,14
14400,41,101
14400,42,9388
14400,50,2
14400,99,0
14400,155,466
14500,7,1
14500,41,125
14500,42,9644
14500,50,8
14500,99,0
14500,155,194
14600,7,0
14600,41,0
14600,42,9599
14600,50,0
14600,99,0
14600,155,501
14700,7,2
14700,41,2
14700,42,9685
14700,50,0
14700,99,0
14700,155,564
14800,7,0
14800,41,0
14800,42,9714
14800,50,0
14800,99,0
14800,155,112
14900,7,0
14900,41,0
14900,42,9618
14900,50,0
14900,99,0
14900,155,371
15000,7,12
15000,41,12
15000,42,9501
15000,50,20
15000,99,0
15000,155,397
15100,7,104
15100,41,20
15100,42,9909
15100,50,21
15100,99,0
15100,155,313
15200,7,83
15200,41,79
15200,42,9929
15200,50,8
15200,99,0
15200,155,389
15300,7,6
15300,41,1
15300,42,10000
15300,50,0
15300,99,0
15300,155,472
15400,7,10
15400,41,0
15400,42,10000
15400,50,0
15400,99,0
15400,155,364
15500,7,14
15500,41,0
15500,42,10000
15500,50,1
15500,99,0
15500,155,543
15600,7,0
15600,41,8
15600,42,10000
15600,50,0
15600,99,0
15600,155,816
15700,7,0
15700,41,16
15700,42,10000
15700,50,38
15700,99,57
15700,155,933
15800,7,0
15800,41,3
15800,42,10000
15800,50,43
15800,99,76
15800,155,501
15900,7,6
15900,41,0
15900,42,10000
15900,50,24
15900,99,0
15900,155,709
16000,7,0
16000,41,2
16000,42,10000
16000,50,5
16000,99,0
16000,155,1052
16100,7,2
16100,41,5
16100,42,10000
16100,50,0
16100,99,0
16100,155,832
16200,7,0
16200,41,318
16200,42,10000
16200,50,19
16200,99,0
16200,155,436
16300,7,9
16300,41,569
16300,42,10000
16300,50,4
16300,99,0
16300,155,232
16400,7,0
16400,41,527
16400,42,10000
16400,50,30
16400,99,24
16400,155,354
16500,7,24
16500,41,735
16500,42,10000
16500,50,6
16500,99,0
16500,155,885
16600,7,108
16600,41,1000
16600,42,10000
16600,50,1
16600,99,0
16600,155,617
16700,7,70
16700,41,1395
16700,42,10000
16700,50,9
16700,99,0
16700,155,189
16800,7,35
16800,41,1671
16800,42,10000
16800,50,0
16800,99,0
16800,155,104
16900,7,1
16900,41,1612
16900,42,10000
16900,50,0
16900,99,0
16900,155,110
17000,7,1
17000,41,1524
17000,42,10000
17000,50,0
17000,99,0
17000,155,77
17100,7,1
17100,41,1706
17100,42,10000
17100,50,1
17100,99,10
17100,155,334
17200,7,3
17200,41,1735
17200,42,10000
17200,50,3
17200,99,3
17200,155,708
17300,7,7
17300,41,2207
17300,42,9973
17300,50,1
17300,99,0
17300,155,979
17400,7,0
17400,41,1276
17400,42,10000
17400,50,0
17400,99,0
17400,155,701
17500,7,0
17500,41,1488
17500,42,10000
17500,50,22
17500,99,0
17500,155,468
17600,7,0
17600,41,1445
17600,42,10000
17600,50,0
17600,99,0
17600,155,427
17700,7,0
17700,41,1028
17700,42,10000
17700,50,0
17700,99,0
17700,155,108
17800,7,0
17800,41,1479
17800,42,10000
17800,50,0
17800,99,0
17800,155,7
17900,7,1
17900,41,1196
17900,42,10000
17900,50,0
17900,99,0
17900,155,0
18000,7,4
18000,41,1122
18000,42,10000
18000,50,61
18000,99,10
18000,155,0
18100,7,0
18100,41,1417
18100,42,10000
18100,50,42
18100,99,0
18100,155,0
18200,7,0
18200,41,1411
18200,42,10000
18200,50,114
18200,99,0
18200,155,0
18300,7,10
18300,41,1840
18300,42,10000
18300,50,153
18300,99,0
18300,155,0
18400,7,68
18400,41,1687
18400,42,10000
18400,50,258
18400,99,0
18400,155,0
18500,7,38
18500,41,1980
18500,42,10000
18500,50,111
18500,99,1
18500,155,0
18600,7,0
18600,41,2275
18600,42,10000
18600,50,202
18600,99,1
18600,155,0
18700,7,0
18700,41,1847
18700,42,10000
18700,50,438
18700,99,3
18700,155,1
18800,7,0
18800,41,2429
18800,42,10000
18800,50,421
18800,99,0
18800,155,0
18900,7,22
18900,41,2746
18900,42,10000
18900,50,344
18900,99,0
18900,155,23
19000,7,5
19000,41,2764
19000,42,10000
19000,50,443
19000,99,0
19000,155,23
19100,7,70
19100,41,2620
19100,42,10000
19100,50,640
19100,99,40
19100,155,21
19200,7,25
19200,41,2450
19200,42,10000
19200,50,822
19200,99,3
19200,155,0
19300,7,0
19300,41,2806
19300,42,10000
19300,50,517
19300,99,0
19300,155,0
19400,7,0
19400,41,2188
19400,42,10000
19400,50,1075
19400,99,1
19400,155,0
19500,7,0
19500,41,2050
19500,42,10000
19500,50,1057
19500,99,16
19500,155,0
19600,7,0
19600,41,2461
19600,42,10000
19600,50,1000
19600,99,24
19600,155,0
19700,7,8
19700,41,2552
19700,42,10000
19700,50,1017
19700,99,0
19700,155,0
19800,7,4
19800,41,2514
19800,42,10000
19800,50,964
19800,99,0
19800,155,0
19900,7,22
19900,41,2229
19900,42,10000
19900,50,945
19900,99,23
19900,155,0
